233 E 2nd Ave,Whitefish ,MT ,59937
605 W Lake Blvd Suite 4,Tahoe City,CA,96145
1020 S Seaward Ave,Ventura,CA,93001
121 N 9th St Suite 302,Boise,ID,83702
57100 Beaver Drive,Sunriver,OR,97707
67195 E Hwy 26 Suite C,Welches,OR,97067
180 Prospect Ave,Yachats,OR,97498
45061 Little Lake St,Mendocino,CA,95460
18300 Old Coast Hwy,Fort Bragg,CA,95437
42718 Moonridge Road,Big Bear Lake,CA,92315
18300 Old Coast Hwy #3,Fort Bragg,CA,95437
45061 Little Lake St ,Mendocino,CA,95460
11025 Pioneer Trail,Truckee,CA,96161
39000 S.Highway 1,Gualala,CA,95445
54585 North Circle Dr. ,Idyllwild ,CA,92549
309 Sadowski Causeway,Key Colony Beach,FL,33051
"5445 Collins Ave, suite CU20",Miami Beach,FL,33140
4027 GA-52 ,Ellijay,GA,30536
2990 GA-356,Sautee Nacoochee,GA,30571
475 S Promenade,Seaside,OR,97138
1803 S Roosevelt Dr Unit D,Seaside,OR,97138
926 NW 13th Ave,Portland,OR,97296
67195 E Highway 26,Welches,OR,97067-9611
417 E Main St ,Fredericksburg,TX,78624
3802 Cove View Blvd,Galveston ,TX,77554
100 E Swordfish St D,South Padre Island,TX,78597
6531 N Landmark Drive Suite C,Park City,UT,84098
11445 Big Cottonwood Canyon Rd,Salt Lake City ,UT,84121
123 E Johnson Ave #2 ,Chelan,WA,98816
123 E Johnson Ave #2,Chelan,WA,98816
9 N Main Street  ,Moab ,UT ,84532
3350 Lower Honoapiilani Road,Lahaina,HI,